{
  "$schema": "https://biomejs.dev/schemas/1.8.2/schema.json",
  "organizeImports": {
    "enabled": true,
    "ignore": [
      "**/pnpm-lock.yaml",
      "**/dist/**",
      "**/node_modules/**",
      "**/assets/bundled/**"
    ]
  },
  "linter": {
    "enabled": true,
    "rules": {
      "recommended": true
    },
    "ignore": [
      "**/pnpm-lock.yaml",
      "**/dist/**",
      "**/node_modules/**",
      "**/assets/bundled/**"
    ]
  },
  "formatter": {
    "indentStyle": "space",
    "indentWidth": 2,
    "lineEnding": "lf",
    "lineWidth": 85,
    "attributePosition": "auto",
    "ignore": [
      "**/pnpm-lock.yaml",
      "**/dist/**",
      "**/.astro/**",
      "**/node_modules/**",
      "**/assets/bundled/**",
      "*.astro"
    ]
  },
  "javascript": {
    "formatter": {
      "enabled": true
    }
  },
  "css": {
    "formatter": {
      "enabled": true,
      "indentWidth": 3
    },
    "linter": {
      "enabled": true
    }
  }
}
